<?xml version="1.0" encoding="UTF-8"?>
<beans xmlns="http://www.springframework.org/schema/beans"
	xmlns:context="http://www.springframework.org/schema/context"
	xmlns:xsi="http://www.w3.org/2001/XMLSchema-instance" xmlns:aop="http://www.springframework.org/schema/aop"
	xmlns:tx="http://www.springframework.org/schema/tx"	
	xsi:schemaLocation="
        http://www.springframework.org/schema/beans     
        http://www.springframework.org/schema/beans/spring-beans-3.0.xsd
        http://www.springframework.org/schema/aop http://www.springframework.org/schema/aop/spring-aop-3.0.xsd
        http://www.springframework.org/schema/context 
        http://www.springframework.org/schema/context/spring-context-3.0.xsd
        http://www.springframework.org/schema/tx 
        http://www.springframework.org/schema/tx/spring-tx-3.0.xsd"
	default-autowire="byType">

	<context:annotation-config />
	<!-- Proxool 连接池--> 
	<bean id="dataSource_jtsoft_logs" class="com.jt.base.db.ext.JTDruidDataSource">	
		<property name="group" value="jtsoft" />
		<property name="dbalias" value="logs" />
	</bean>
	<bean id="transactionManager_jtsoft_logs"
		class="org.springframework.jdbc.datasource.DataSourceTransactionManager">
		<property name="dataSource" ref="dataSource_jtsoft_logs" />
	</bean>

	<bean id="jdbcTemplate_jtsoft_logs" class="org.springframework.jdbc.core.JdbcTemplate">
		<property name="dataSource" ref="dataSource_jtsoft_logs" />
	</bean>

	<bean id="sqlSessionFactory_jtsoft_logs" class="org.mybatis.spring.JTSqlSessionFactoryBean">
		<property name="configLocation" value="classpath:/conf/configuration.xml" />
		<property name="dataSource" ref="dataSource_jtsoft_logs" />
		<property name="mappingAllLocation" value="classpath*:conf/mybatis-mappings.xml" />
	</bean>

	<bean id="sqlSessionTemplate_jtsoft_logs" class="org.mybatis.spring.SqlSessionTemplate"
		scope="prototype">
		<constructor-arg index="0" ref="sqlSessionFactory_jtsoft_logs" />
	</bean>
	<context:annotation-config />
	<aop:config proxy-target-class="true">
		<aop:advisor advice-ref="txAdvice_jtsoft_logs"
			pointcut="execution(* com.jt.*.*.domain.*.*(..)) or execution(* com.jt.*.*.service.*.*(..)) or execution(* com.jt.*.*.handler.*.*(..))" />
	</aop:config>		
	<tx:advice id="txAdvice_jtsoft_logs" transaction-manager="transactionManager_jtsoft_logs">
		<tx:attributes>
			<tx:method name="get*" read-only="true" />
			<tx:method name="is*" read-only="true" />
			<tx:method name="find*" read-only="true" />
			<tx:method name="query*" read-only="true" />
			<tx:method name="*" isolation="DEFAULT" />
		</tx:attributes>
	</tx:advice>	 
</beans>