<?xml version="1.0" encoding="UTF-8"?>
<beans xmlns="http://www.springframework.org/schema/beans"
	xmlns:xsi="http://www.w3.org/2001/XMLSchema-instance" xmlns:mvc="http://www.springframework.org/schema/mvc"
	xmlns:aop="http://www.springframework.org/schema/aop" xmlns:p="http://www.springframework.org/schema/p"
	xmlns:context="http://www.springframework.org/schema/context" xmlns:tx="http://www.springframework.org/schema/tx"
	xmlns:task="http://www.springframework.org/schema/task"
	xsi:schemaLocation="http://www.springframework.org/schema/beans http://www.springframework.org/schema/beans/spring-beans-3.0.xsd  
	http://www.springframework.org/schema/context http://www.springframework.org/schema/context/spring-context-3.0.xsd
	http://www.springframework.org/schema/aop http://www.springframework.org/schema/aop/spring-aop-3.0.xsd
	http://www.springframework.org/schema/mvc http://www.springframework.org/schema/mvc/spring-mvc-3.0.xsd
	http://www.springframework.org/schema/tx http://www.springframework.org/schema/tx/spring-tx-3.0.xsd
	http://www.springframework.org/schema/task http://www.springframework.org/schema/task/spring-task-3.0.xsd"
	default-autowire="byName" default-lazy-init="false">

	<import resource="base-core.xml" />
	<import resource="base-web.xml" />
	<import resource="common-gl-biz.xml" />
	<import resource="dubbo-provider.xml" />
	<import resource="dubbo-consumer.xml" />

	<context:annotation-config />
	<aop:config proxy-target-class="true">
		<aop:advisor advice-ref="txAdvice"
			pointcut="execution(* com.jt.*.*.domain.*.*(..)) || execution(public * *..service..*.*(..))" />
	</aop:config>

	<tx:advice id="txAdvice" transaction-manager="transactionManager">
		<tx:attributes>
			<tx:method name="get*" read-only="true" />
			<tx:method name="is*" read-only="true" />
			<tx:method name="find*" read-only="true" />
			<tx:method name="query*" read-only="true" />
			<tx:method name="*" isolation="DEFAULT" />
		</tx:attributes>
	</tx:advice>

	<aop:config>
		<!--切入点 -->
		<aop:pointcut id="redisCache"
			expression="execution(public * *..repository..*.*(..)) || execution(public * *..service..*.*(..))" />
		<!--在该切入点使用自定义拦截器 -->
		<aop:advisor pointcut-ref="redisCache" advice-ref="redisCacheInterceptor" />
	</aop:config>

	<aop:config>
		<!--切入点 -->
		<aop:pointcut id="redisCacheEvict"
			expression="execution(public * *..domain..*.*(..)) " />
		<!--在该切入点使用自定义拦截器 -->
		<aop:advisor pointcut-ref="redisCacheEvict" advice-ref="redisCacheEvictInterceptor" />
	</aop:config>

	<bean id="freeMarkerStaticExt" class="com.jt.crm.common.helper.FreeMarkerStaticExtImpl" />

	<bean id="springDataSourceBeanPostProcessor" class="net.bull.javamelody.SpringDataSourceBeanPostProcessor">
	</bean>

	<bean id="wrappedDataSource" class="net.bull.javamelody.SpringDataSourceFactoryBean">
		<property name="targetName" value="dataSource" />
	</bean>
	
   	<!-- 任务执行器 -->  
   	<!-- rejection-policy 可选参数
   			ABORT（缺省）：抛出TaskRejectedException异常，然后不执行
			DISCARD：不执行，也不抛出异常即放弃该线程
			DISCARD_OLDEST：丢弃queue中最旧的那个任务
			CALLER_RUNS：不在新线程中执行任务，而是由调用者所在的线程来执行(不再异步)
 	-->
	<task:executor id="springExecutor" keep-alive="3600" pool-size="50-1500" queue-capacity="1000" rejection-policy="CALLER_RUNS"/>    
	<!--开启注解调度支持 @Async @Scheduled-->  
	<task:annotation-driven executor="springExecutor"/>  
</beans>